Measure,Sensor,tu,ts,d,acy
3,157,1272500000000,1402495959164,0.92355126,0
3,74,1272500000000,1402495959213,0.8347575,0
3,157,1272750000000,1402495959400,0.92355126,0
3,74,1272750000000,1402495959443,0.8414511,0
3,157,1273000000000,1402495959650,0.92355126,0
3,74,1273000000000,1402495959686,0.8758245,0
3,157,1273250000000,1402495959900,0.92355126,0
3,74,1273250000000,1402495959935,0.8758245,0
3,157,1274000000000,1402495960152,0.92355126,0
3,74,1274000000000,1402495960204,0.92414623,0
3,157,1274250000000,1402495960405,1.385091,0
3,74,1274250000000,1402495960473,1.6734344,0
3,157,1274500000000,1402495960651,1.0195476,0
3,74,1274500000000,1402495960706,2.894295,0
3,157,1274750000000,1402495960899,1.2290175,0
3,74,1274750000000,1402495960950,2.894295,0
3,157,1275000000000,1402495961151,1.2290175,0
3,74,1275000000000,1402495961194,2.894295,0
3,157,1275250000000,1402495961406,1.1660719,0
3,74,1275250000000,1402495961444,2.894295,0
3,157,1276000000000,1402495961652,1.3222504,0
3,74,1276000000000,1402495961697,6.335547,0
3,157,1276250000000,1402495961901,1.1356225,0
3,74,1276250000000,1402495961947,6.335547,0
3,157,1276500000000,1402495962149,1.3299935,0
3,74,1276500000000,1402495962186,6.335547,0
3,157,1276750000000,1402495962400,1.3299935,0
3,74,1276750000000,1402495962457,6.335547,0
3,157,1277000000000,1402495962652,1.174014,0
3,74,1277000000000,1402495962700,6.335547,0
3,157,1277250000000,1402495962899,0.81553745,0
3,74,1277250000000,1402495962954,6.335547,0
3,157,1278000000000,1402495963151,0.66437304,0
3,74,1278000000000,1402495963194,6.335547,0
3,157,1278250000000,1402495963397,0.5162611,0
3,74,1278250000000,1402495963443,4.4661164,0
3,157,1278500000000,1402495963652,0.5100144,0
3,74,1278500000000,1402495963699,2.50455,0
3,157,1278750000000,1402495963899,0.5100144,0
3,74,1278750000000,1402495963955,1.1659194,0
3,157,1279000000000,1402495964152,0.5100144,0
3,74,1279000000000,1402495964191,0.80922955,0
3,157,1279250000000,1402495964401,0.5100144,0
3,74,1279250000000,1402495964440,0.32626987,0
3,157,1280000000000,1402495964649,0.5100144,0
3,74,1280000000000,1402495964684,0.32626987,0
3,157,1280250000000,1402495964899,0.5100144,0
3,74,1280250000000,1402495964955,0.8592299,0
3,157,1280500000000,1402495965153,0.5100144,0
3,74,1280500000000,1402495965202,0.8592299,0
3,157,1280750000000,1402495965401,0.5100144,0
3,74,1280750000000,1402495965460,0.8592299,0
3,157,1281000000000,1402495965650,0.5100144,0
3,74,1281000000000,1402495965696,0.8592299,0
3,157,1281250000000,1402495965901,0.5100144,0
3,74,1281250000000,1402495965946,0.844071,0
3,157,1282000000000,1402495966150,0.5100144,0
3,74,1282000000000,1402495966193,0.844071,0
3,157,1282250000000,1402495966402,0.5100144,0
3,74,1282250000000,1402495966441,0.844071,0
3,157,1282500000000,1402495966650,0.5100144,0
3,74,1282500000000,1402495966695,0.844071,0
3,157,1282750000000,1402495966900,0.5100144,0
3,74,1282750000000,1402495966934,0.88189524,0
3,157,1283000000000,1402495967151,0.5100144,0
3,74,1283000000000,1402495967205,0.88189524,0
3,157,1283250000000,1402495967398,0.5100144,0
3,74,1283250000000,1402495967448,0.99457425,0
3,157,1284000000000,1402495967653,0.5100144,0
3,74,1284000000000,1402495967694,1.2024077,0
3,157,1284250000000,1402495967899,0.5100144,0
3,74,1284250000000,1402495967946,1.2024077,0
3,157,1284500000000,1402495968152,0.5100144,0
3,74,1284500000000,1402495968194,1.2024077,0
3,157,1284750000000,1402495968402,0.5100144,0
3,74,1284750000000,1402495968442,1.2024077,0
3,157,1285000000000,1402495968654,0.5100144,0
3,74,1285000000000,1402495968688,1.2024077,0
3,157,1285250000000,1402495968901,0.5100144,0
3,74,1285250000000,1402495968939,1.2024077,0
3,157,1286000000000,1402495969161,0.5100144,0
3,74,1286000000000,1402495969210,1.2024077,0
3,157,1286250000000,1402495969400,0.5100144,0
3,74,1286250000000,1402495969461,1.2024077,0
3,157,1286500000000,1402495969654,0.5100144,0
3,74,1286500000000,1402495969702,1.2024077,0
3,157,1286750000000,1402495969901,0.5100144,0
3,74,1286750000000,1402495969945,1.2024077,0
3,157,1287000000000,1402495970159,0.5100144,0
3,74,1287000000000,1402495970200,1.2024077,0
3,157,1287250000000,1402495970402,0.5100144,0
3,74,1287250000000,1402495970449,1.1733172,0
3,157,1288000000000,1402495970654,0.5100144,0
3,74,1288000000000,1402495970698,1.1733172,0
3,157,1288250000000,1402495970904,0.5100144,0
3,74,1288250000000,1402495970948,1.1733172,0
3,157,1288500000000,1402495971157,0.5100144,0
3,74,1288500000000,1402495971191,1.1590044,0
3,157,1288750000000,1402495971400,0.5100144,0
3,74,1288750000000,1402495971439,1.0225141,0
3,157,1289000000000,1402495971656,0.5100144,0
3,74,1289000000000,1402495971706,0.9087524,0
3,157,1289250000000,1402495971901,0.5100144,0
3,74,1289250000000,1402495971954,0.8521609,0
3,157,1290000000000,1402495972150,0.5100144,0
3,74,1290000000000,1402495972199,0.8521609,0
3,157,1290250000000,1402495972402,0.5100144,0
3,74,1290250000000,1402495972449,0.8521609,0
3,157,1290500000000,1402495972657,0.4812857,0
3,74,1290500000000,1402495972699,0.8521609,0
3,157,1290750000000,1402495972909,0.4775887,0
3,74,1290750000000,1402495972948,0.9980374,0
3,157,1291000000000,1402495973150,0.4775887,0
3,74,1291000000000,1402495973196,1.044895,0
3,157,1291250000000,1402495973405,0.4775887,0
3,74,1291250000000,1402495973444,1.044895,0
3,157,1292000000000,1402495973652,0.4775887,0
3,74,1292000000000,1402495973695,1.4006215,0
3,157,1292250000000,1402495973901,0.4775887,0
3,74,1292250000000,1402495973966,1.4006215,0
3,157,1292500000000,1402495974151,0.4775887,0
3,74,1292500000000,1402495974203,1.4006215,0
3,157,1292750000000,1402495974399,0.4775887,0
3,74,1292750000000,1402495974453,1.1942817,0
3,157,1293000000000,1402495974653,0.4775887,0
3,74,1293000000000,1402495974709,1.1942817,0
3,157,1293250000000,1402495974903,0.4775887,0
3,74,1293250000000,1402495974954,1.1942817,0
3,157,1294000000000,1402495975149,0.4775887,0
3,74,1294000000000,1402495975195,1.1942817,0
3,157,1294250000000,1402495975402,0.4775887,0
3,74,1294250000000,1402495975447,1.1942817,0
3,157,1294500000000,1402495975658,0.4775887,0
3,74,1294500000000,1402495975691,1.6365383,0
3,157,1294750000000,1402495975903,0.4775887,0
3,74,1294750000000,1402495975943,1.6365383,0
3,157,1295000000000,1402495976153,0.4775887,0
3,74,1295000000000,1402495976186,1.4548541,0
3,157,1295250000000,1402495976404,0.47875327,0
3,74,1295250000000,1402495976459,1.3860085,0
3,157,1296000000000,1402495976647,0.59066653,0
3,74,1296000000000,1402495976680,1.3860085,0
3,157,1296250000000,1402495976897,0.59066653,0
3,74,1296250000000,1402495976935,1.3860085,0
3,157,1296500000000,1402495977154,0.59066653,0
3,74,1296500000000,1402495977202,1.3860085,0
3,157,1296750000000,1402495977400,0.59066653,0
3,74,1296750000000,1402495977447,1.3860085,0
3,157,1297000000000,1402495977656,0.59066653,0
3,74,1297000000000,1402495977702,1.3860085,0
3,157,1297250000000,1402495977900,0.59066653,0
3,74,1297250000000,1402495977953,1.3860085,0
3,157,1298000000000,1402495978152,0.59066653,0
3,74,1298000000000,1402495978191,1.4252051,0
3,157,1298250000000,1402495978406,0.59066653,0
3,74,1298250000000,1402495978464,1.4252051,0
3,157,1298500000000,1402495978654,0.59066653,0
3,74,1298500000000,1402495978702,1.4252051,0
3,157,1298750000000,1402495978900,0.59066653,0
3,74,1298750000000,1402495978957,1.4252051,0
3,157,1299000000000,1402495979150,0.59066653,0
3,74,1299000000000,1402495979204,1.4252051,0
3,157,1299250000000,1402495979398,0.59066653,0
3,74,1299250000000,1402495979451,1.4252051,0
3,157,1300000000000,1402495979650,0.59066653,0
3,74,1300000000000,1402495979699,1.4252051,0
3,157,1300250000000,1402495979905,0.59066653,0
3,74,1300250000000,1402495979945,1.4252051,0
3,157,1300500000000,1402495980155,0.59066653,0
3,74,1300500000000,1402495980189,1.4252051,0
3,157,1300750000000,1402495980405,0.59066653,0
3,74,1300750000000,1402495980445,1.398828,0
3,157,1301000000000,1402495980649,0.59066653,0
3,74,1301000000000,1402495980693,1.383033,0
3,157,1301250000000,1402495980898,0.59066653,0
3,74,1301250000000,1402495980934,1.3613627,0
3,157,1302000000000,1402495981161,0.59066653,0
3,74,1302000000000,1402495981202,1.3613627,0
3,157,1302250000000,1402495981402,0.59066653,0
3,74,1302250000000,1402495981456,1.356958,0
3,157,1302500000000,1402495981650,0.59066653,0
3,74,1302500000000,1402495981708,1.2344378,0
3,157,1302750000000,1402495981901,0.59066653,0
3,74,1302750000000,1402495981944,1.035883,0
3,157,1303000000000,1402495982149,0.59066653,0
3,74,1303000000000,1402495982199,0.9048131,0
3,157,1303250000000,1402495982401,0.59066653,0
3,74,1303250000000,1402495982440,0.9048131,0
3,157,1304000000000,1402495982655,0.59066653,0
3,74,1304000000000,1402495982692,1.0694355,0
3,157,1304250000000,1402495982898,0.59066653,0
3,74,1304250000000,1402495982941,1.2937802,0
3,157,1304500000000,1402495983150,0.59066653,0
3,74,1304500000000,1402495983185,1.3537757,0
3,157,1304750000000,1402495983403,0.59066653,0
3,74,1304750000000,1402495983458,1.3537757,0
3,157,1305000000000,1402495983647,0.59066653,0
3,74,1305000000000,1402495983678,1.3537757,0
3,157,1305250000000,1402495983903,0.59066653,0
3,74,1305250000000,1402495983952,1.3537757,0
3,157,1306000000000,1402495984152,0.71622753,0
3,74,1306000000000,1402495984203,1.0160598,0
3,157,1306250000000,1402495984402,0.8693895,0
3,74,1306250000000,1402495984449,0.69938815,0
3,157,1306500000000,1402495984651,0.87417454,0
3,74,1306500000000,1402495984698,0.69938815,0
3,157,1306750000000,1402495984919,0.9095606,0
3,74,1306750000000,1402495984923,0.77658653,0
3,157,1307000000000,1402495985150,0.9151122,0
3,74,1307000000000,1402495985195,1.048931,0
3,157,1307250000000,1402495985401,1.2277617,0
3,74,1307250000000,1402495985442,1.048931,0
3,157,1308000000000,1402495985647,1.4937778,0
3,74,1308000000000,1402495985684,1.048931,0
3,157,1308250000000,1402495985903,1.4937778,0
3,74,1308250000000,1402495985961,1.048931,0
3,157,1308500000000,1402495986151,1.4937778,0
3,74,1308500000000,1402495986202,1.048931,0
3,157,1308750000000,1402495986402,1.4937778,0
3,74,1308750000000,1402495986448,1.048931,0
3,157,1309000000000,1402495986650,1.4937778,0
3,74,1309000000000,1402495986699,1.048931,0
3,157,1309250000000,1402495986899,1.4937778,0
3,74,1309250000000,1402495986949,1.048931,0
3,157,1310000000000,1402495987149,1.4937778,0
3,74,1310000000000,1402495987196,1.048931,0
3,157,1310250000000,1402495987399,1.4937778,0
3,74,1310250000000,1402495987443,1.048931,0
3,157,1310500000000,1402495987652,1.4937778,0
3,74,1310500000000,1402495987693,1.048931,0
3,157,1310750000000,1402495987904,1.4937778,0
3,74,1310750000000,1402495987939,1.048931,0
3,157,1311000000000,1402495988152,1.4937778,0
3,74,1311000000000,1402495988192,1.048931,0
3,157,1311250000000,1402495988403,1.4937778,0
3,74,1311250000000,1402495988461,1.048931,0
3,157,1312000000000,1402495988650,1.4937778,0
3,74,1312000000000,1402495988704,1.048931,0
3,157,1312250000000,1402495988903,1.4937778,0
3,74,1312250000000,1402495988950,1.048931,0
3,157,1312500000000,1402495989154,1.4849147,0
3,74,1312500000000,1402495989202,1.048931,0
3,157,1312750000000,1402495989402,1.4849147,0
3,74,1312750000000,1402495989447,1.048931,0
3,157,1313000000000,1402495989650,1.4849147,0
3,74,1313000000000,1402495989700,1.048931,0
3,157,1313250000000,1402495989901,1.4849147,0
3,74,1313250000000,1402495989943,1.048931,0
3,157,1314000000000,1402495990151,1.4849147,0
3,74,1314000000000,1402495990199,1.048931,0
3,157,1314250000000,1402495990406,1.4849147,0
3,74,1314250000000,1402495990457,1.048931,0
3,157,1314500000000,1402495990648,1.4568669,0
3,74,1314500000000,1402495990686,1.0152099,0
3,157,1314750000000,1402495990898,1.4568669,0
3,74,1314750000000,1402495990936,0.94134617,0
3,157,1315000000000,1402495991149,1.3902295,0
3,74,1315000000000,1402495991204,0.94134617,0
3,157,1315250000000,1402495991398,1.3669068,0
3,74,1315250000000,1402495991452,0.93043864,0
3,157,1316000000000,1402495991648,1.3669068,0
3,74,1316000000000,1402495991697,0.89443415,0
3,157,1316250000000,1402495991905,1.603421,0
3,74,1316250000000,1402495991949,0.89228296,0
3,157,1316500000000,1402495992150,1.603421,0
3,74,1316500000000,1402495992193,0.89228296,0
3,157,1316750000000,1402495992399,1.603421,0
3,74,1316750000000,1402495992440,0.8296387,0
3,157,1317000000000,1402495992655,1.3981798,0
3,74,1317000000000,1402495992693,0.7120893,0
3,157,1317250000000,1402495992904,1.2170957,0
3,74,1317250000000,1402495992958,0.694633,0
3,157,1318000000000,1402495993152,1.1905731,0
3,74,1318000000000,1402495993209,0.694633,0
3,157,1318250000000,1402495993400,1.1905731,0
3,74,1318250000000,1402495993454,0.694633,0
3,157,1318500000000,1402495993651,1.33025,0
3,74,1318500000000,1402495993711,0.694633,0
3,157,1318750000000,1402495993899,1.467301,0
3,74,1318750000000,1402495993957,0.694633,0
3,157,1319000000000,1402495994155,1.467301,0
3,74,1319000000000,1402495994202,0.694633,0
3,157,1319250000000,1402495994402,1.467301,0
3,74,1319250000000,1402495994442,0.694633,0
3,157,1320000000000,1402495994662,1.3873762,0
3,74,1320000000000,1402495994710,0.6990216,0
3,157,1320250000000,1402495994903,1.3873762,0
3,74,1320250000000,1402495994940,0.719425,0
3,157,1320500000000,1402495995150,1.3873762,0
3,74,1320500000000,1402495995187,0.8026039,0
3,157,1320750000000,1402495995397,1.3873762,0
3,74,1320750000000,1402495995432,0.80325097,0
3,157,1321000000000,1402495995652,1.3873762,0
3,74,1321000000000,1402495995704,0.8325116,0
3,157,1321250000000,1402495995903,1.4470739,0
3,74,1321250000000,1402495995951,0.8935301,0
3,157,1322000000000,1402495996150,1.4470739,0
3,74,1322000000000,1402495996199,0.9608949,0
3,157,1322250000000,1402495996398,1.4470739,0
3,74,1322250000000,1402495996448,1.1049017,0
3,157,1322500000000,1402495996651,1.4470739,0
3,74,1322500000000,1402495996696,1.1049017,0
3,157,1322750000000,1402495996899,1.4470739,0
3,74,1322750000000,1402495996946,1.1049017,0
3,157,1323000000000,1402495997154,1.4470739,0
3,74,1323000000000,1402495997193,1.0612636,0
3,157,1323250000000,1402495997399,1.4470739,0
3,74,1323250000000,1402495997443,1.0612636,0
3,157,1324000000000,1402495997660,1.4470739,0
3,74,1324000000000,1402495997706,1.0612636,0
3,157,1324250000000,1402495997907,1.4470739,0
3,74,1324250000000,1402495997951,1.0384513,0
3,157,1324500000000,1402495998152,1.4470739,0
3,74,1324500000000,1402495998210,0.9784792,0
3,157,1324750000000,1402495998401,1.4470739,0
3,74,1324750000000,1402495998449,0.9784792,0
3,157,1325000000000,1402495998658,1.4470739,0
3,74,1325000000000,1402495998701,0.9784792,0
3,157,1325250000000,1402495998908,1.4470739,0
3,74,1325250000000,1402495998945,0.9784792,0
3,157,1326000000000,1402495999156,1.4470739,0
3,74,1326000000000,1402495999196,0.9784792,0
3,157,1326250000000,1402495999400,1.4470739,0
3,74,1326250000000,1402495999442,0.9784792,0
3,157,1326500000000,1402495999656,1.4470739,0
3,74,1326500000000,1402495999686,0.9784792,0
3,157,1326750000000,1402495999899,1.4470739,0
3,74,1326750000000,1402495999938,0.9784792,0
3,157,1327000000000,1402496000154,1.4470739,0
3,74,1327000000000,1402496000202,0.9784792,0
3,157,1327250000000,1402496000407,1.4470739,0
3,74,1327250000000,1402496000450,0.9784792,0
3,157,1328000000000,1402496000657,1.4470739,0
3,74,1328000000000,1402496000696,0.9784792,0
3,157,1328250000000,1402496000906,1.4470739,0
3,74,1328250000000,1402496000952,0.9784792,0
3,157,1328500000000,1402496001152,1.4470739,0
3,74,1328500000000,1402496001198,0.9377923,0
3,157,1328750000000,1402496001406,1.4470739,0
3,74,1328750000000,1402496001449,0.9327219,0
3,157,1329000000000,1402496001650,1.4470739,0
3,74,1329000000000,1402496001695,0.9284715,0
3,157,1329250000000,1402496001900,1.4470739,0
3,74,1329250000000,1402496001945,0.9284715,0
3,157,1330000000000,1402496002149,1.3013521,0
3,74,1330000000000,1402496002194,0.9284715,0
3,157,1330250000000,1402496002401,1.2413538,0
3,74,1330250000000,1402496002457,0.9284715,0
3,157,1330500000000,1402496002656,1.2413538,0
3,74,1330500000000,1402496002701,0.9284715,0
3,157,1330750000000,1402496002903,1.2413538,0
3,74,1330750000000,1402496002951,0.9284715,0
3,157,1331000000000,1402496003151,1.2413538,0
3,74,1331000000000,1402496003200,0.9284715,0
3,157,1331250000000,1402496003398,1.3696957,0
3,74,1331250000000,1402496003452,0.9284715,0
3,157,1332000000000,1402496003649,1.3696957,0
3,74,1332000000000,1402496003697,0.83883387,0
3,157,1332250000000,1402496003898,1.3077049,0
3,74,1332250000000,1402496003949,0.8032181,0
3,157,1332500000000,1402496004156,1.1288924,0
3,74,1332500000000,1402496004190,0.7884077,0
3,157,1332750000000,1402496004401,1.1056104,0
3,74,1332750000000,1402496004441,0.7884077,0
3,157,1333000000000,1402496004651,1.1056104,0
3,74,1333000000000,1402496004687,0.7884077,0
3,157,1333250000000,1402496004899,1.0987889,0
3,74,1333250000000,1402496004939,0.7884077,0
3,157,1334000000000,1402496005151,1.0987889,0
3,74,1334000000000,1402496005199,0.7884077,0
3,157,1334250000000,1402496005405,1.0987889,0
3,74,1334250000000,1402496005447,0.7884077,0
3,157,1334500000000,1402496005651,1.0987889,0
3,74,1334500000000,1402496005703,0.7884077,0
3,157,1334750000000,1402496005896,1.0987889,0
3,74,1334750000000,1402496005950,0.7884077,0
3,157,1335000000000,1402496006152,1.0987889,0
3,74,1335000000000,1402496006199,0.7884077,0
3,157,1335250000000,1402496006401,1.0987889,0
3,74,1335250000000,1402496006453,0.7884077,0
3,157,1336000000000,1402496006650,1.1116288,0
3,74,1336000000000,1402496006703,0.7884077,0
3,157,1336250000000,1402496006901,1.1116288,0
3,74,1336250000000,1402496006941,0.7884077,0
3,157,1336500000000,1402496007150,1.1116288,0
3,74,1336500000000,1402496007190,0.7884077,0
3,157,1336750000000,1402496007402,1.1116288,0
3,74,1336750000000,1402496007456,0.7884077,0
3,157,1337000000000,1402496007648,1.1116288,0
3,74,1337000000000,1402496007685,0.7884077,0
3,157,1337250000000,1402496007905,1.160417,0
3,74,1337250000000,1402496007954,0.7884077,0
3,157,1338000000000,1402496008152,1.1716642,0
3,74,1338000000000,1402496008206,0.7884077,0
3,157,1338250000000,1402496008401,1.1716642,0
3,74,1338250000000,1402496008441,0.7884077,0
3,157,1338500000000,1402496008651,1.1716642,0
3,74,1338500000000,1402496008693,0.7884077,0
3,157,1338750000000,1402496008902,1.1716642,0
3,74,1338750000000,1402496008938,0.7884077,0
3,157,1339000000000,1402496009149,1.1716642,0
3,74,1339000000000,1402496009192,0.7884077,0
3,157,1339250000000,1402496009398,1.1716642,0
3,74,1339250000000,1402496009439,0.7884077,0
3,157,1340000000000,1402496009650,1.1716642,0
3,74,1340000000000,1402496009689,0.7884077,0
3,157,1340250000000,1402496009903,1.1716642,0
3,74,1340250000000,1402496009959,0.7884077,0
3,157,1340500000000,1402496010155,1.1716642,0
3,74,1340500000000,1402496010202,0.7884077,0
3,157,1340750000000,1402496010404,1.1716642,0
3,74,1340750000000,1402496010449,0.7884077,0
3,157,1341000000000,1402496010648,1.1716642,0
3,74,1341000000000,1402496010696,0.7884077,0
3,157,1341250000000,1402496010896,1.1716642,0
3,74,1341250000000,1402496010947,0.7884077,0
3,157,1342000000000,1402496011146,1.1716642,0
3,74,1342000000000,1402496011190,0.7884077,0
3,157,1342250000000,1402496011402,1.1716642,0
3,74,1342250000000,1402496011443,0.7884077,0
3,157,1342500000000,1402496011650,1.1440003,0
3,74,1342500000000,1402496011693,0.78151685,0
3,157,1342750000000,1402496011899,0.92676073,0
3,74,1342750000000,1402496011951,0.78151685,0
3,157,1343000000000,1402496012150,0.92676073,0
3,74,1343000000000,1402496012215,0.78151685,0
3,157,1343250000000,1402496012404,0.92676073,0
3,74,1343250000000,1402496012452,0.78151685,0
3,157,1344000000000,1402496012652,0.92879647,0
3,74,1344000000000,1402496012712,0.78151685,0
3,157,1344250000000,1402496012897,0.9937622,0
3,74,1344250000000,1402496012951,0.78151685,0
3,157,1344500000000,1402496013148,0.9937622,0
3,74,1344500000000,1402496013203,0.78151685,0
3,157,1344750000000,1402496013401,0.9937622,0
3,74,1344750000000,1402496013441,0.78151685,0
3,157,1345000000000,1402496013648,0.9937622,0
3,74,1345000000000,1402496013704,0.78151685,0
3,157,1345250000000,1402496013900,0.9937622,0
3,74,1345250000000,1402496013939,0.85732895,0
3,157,1346000000000,1402496014148,0.9970866,0
3,74,1346000000000,1402496014193,0.9108494,0
3,157,1346250000000,1402496014404,1.135078,0
3,74,1346250000000,1402496014459,0.9108494,0
3,157,1346500000000,1402496014656,1.162822,0
3,74,1346500000000,1402496014704,0.9108494,0
3,157,1346750000000,1402496014902,1.2147479,0
3,74,1346750000000,1402496014960,0.9108494,0
3,157,1347000000000,1402496015156,1.2147479,0
3,74,1347000000000,1402496015197,0.9108494,0
3,157,1347250000000,1402496015405,1.2147479,0
3,74,1347250000000,1402496015451,0.9108494,0
3,157,1348000000000,1402496015659,1.2147479,0
3,74,1348000000000,1402496015691,0.9108494,0
3,157,1348250000000,1402496015901,1.2147479,0
3,74,1348250000000,1402496015942,0.9108494,0
3,157,1348500000000,1402496016149,1.2147479,0
3,74,1348500000000,1402496016196,0.9108494,0
3,157,1348750000000,1402496016403,1.2147479,0
3,74,1348750000000,1402496016440,0.9108494,0
3,157,1349000000000,1402496016652,1.2147479,0
3,74,1349000000000,1402496016712,0.9108494,0
3,157,1349250000000,1402496016901,1.2147479,0
3,74,1349250000000,1402496016957,0.9108494,0
3,157,1350000000000,1402496017146,1.2147479,0
3,74,1350000000000,1402496017177,0.9108494,0
3,157,1350250000000,1402496017401,1.2147479,0
3,74,1350250000000,1402496017451,0.9108494,0
3,157,1350500000000,1402496017653,1.2147479,0
3,74,1350500000000,1402496017699,0.9108494,0
3,157,1350750000000,1402496017901,1.2147479,0
3,74,1350750000000,1402496017949,0.9108494,0
3,157,1351000000000,1402496018152,1.2147479,0
3,74,1351000000000,1402496018194,0.9108494,0
3,157,1351250000000,1402496018402,1.2147479,0
3,74,1351250000000,1402496018447,0.9108494,0
3,157,1352000000000,1402496018650,1.2147479,0
3,74,1352000000000,1402496018690,0.9108494,0
3,157,1352250000000,1402496018907,1.2147479,0
3,74,1352250000000,1402496018957,0.9108494,0
3,157,1352500000000,1402496019152,1.2147479,0
3,74,1352500000000,1402496019205,0.9108494,0
3,157,1352750000000,1402496019397,1.1974279,0
3,74,1352750000000,1402496019433,0.9108494,0
3,157,1353000000000,1402496019655,1.1974279,0
3,74,1353000000000,1402496019700,0.9108494,0
3,157,1353250000000,1402496019900,1.1974279,0
3,74,1353250000000,1402496019945,0.9108494,0
3,157,1354000000000,1402496020150,1.1974279,0
3,74,1354000000000,1402496020198,0.9108494,0
3,157,1354250000000,1402496020398,1.1974279,0
3,74,1354250000000,1402496020446,0.90820307,0
3,157,1354500000000,1402496020650,1.1974279,0
3,74,1354500000000,1402496020694,0.90820307,0
3,157,1354750000000,1402496020902,1.1974279,0
3,74,1354750000000,1402496020940,0.90820307,0
3,157,1355000000000,1402496021152,1.1974279,0
3,74,1355000000000,1402496021195,0.8976694,0
3,157,1355250000000,1402496021403,1.1359085,0
3,74,1355250000000,1402496021458,0.8448673,0
3,157,1356000000000,1402496021651,1.0719588,0
3,74,1356000000000,1402496021706,0.8448673,0
3,157,1356250000000,1402496021907,1.0719588,0
3,74,1356250000000,1402496021948,0.8448673,0
3,157,1356500000000,1402496022153,1.0719588,0
3,74,1356500000000,1402496022203,0.80403847,0
3,157,1356750000000,1402496022404,1.0719588,0
3,74,1356750000000,1402496022447,0.7580299,0
3,157,1357000000000,1402496022649,1.0546657,0
3,74,1357000000000,1402496022696,0.69275033,0
3,157,1357250000000,1402496022899,1.0060277,0
3,74,1357250000000,1402496022945,0.69275033,0
3,157,1358000000000,1402496023151,1.0060277,0
3,74,1358000000000,1402496023190,0.69275033,0
3,157,1358250000000,1402496023402,1.0060277,0
3,74,1358250000000,1402496023439,0.69275033,0
3,157,1358500000000,1402496023660,1.1459078,0
3,74,1358500000000,1402496023707,0.69275033,0
3,157,1358750000000,1402496023900,1.1459078,0
3,74,1358750000000,1402496023933,0.69275033,0
3,157,1359000000000,1402496024151,1.1459078,0
3,74,1359000000000,1402496024207,0.69275033,0
3,157,1359250000000,1402496024405,1.1459078,0
3,74,1359250000000,1402496024451,0.69275033,0
3,157,1360000000000,1402496024655,1.1459078,0
3,74,1360000000000,1402496024697,0.69275033,0
3,157,1360250000000,1402496024901,1.0360863,0
3,74,1360250000000,1402496024950,0.69275033,0
3,157,1360500000000,1402496025152,0.9758537,0
3,74,1360500000000,1402496025197,0.69275033,0
3,157,1360750000000,1402496025404,0.9758537,0
3,74,1360750000000,1402496025444,0.69275033,0
3,157,1361000000000,1402496025653,0.9758537,0
3,74,1361000000000,1402496025693,0.69275033,0
3,157,1361250000000,1402496025899,0.9758537,0
3,74,1361250000000,1402496025941,0.69275033,0
3,157,1362000000000,1402496026149,0.9758537,0
3,74,1362000000000,1402496026188,0.69275033,0
3,157,1362250000000,1402496026401,0.9758537,0
3,74,1362250000000,1402496026459,0.69275033,0
3,157,1362500000000,1402496026655,0.9758537,0
3,74,1362500000000,1402496026704,0.69275033,0
3,157,1362750000000,1402496026901,0.9758537,0
3,74,1362750000000,1402496026946,0.69275033,0
3,157,1363000000000,1402496027167,0.9758537,0
3,74,1363000000000,1402496027220,0.69275033,0
3,157,1363250000000,1402496027401,0.9758537,0
3,74,1363250000000,1402496027448,0.69275033,0
3,157,1364000000000,1402496027660,0.9758537,0
3,74,1364000000000,1402496027691,0.69275033,0
3,157,1364250000000,1402496027905,0.9758537,0
3,74,1364250000000,1402496027971,0.69275033,0
3,157,1364500000000,1402496028151,0.9758537,0
3,74,1364500000000,1402496028204,0.69275033,0
3,157,1364750000000,1402496028401,0.9758537,0
3,74,1364750000000,1402496028434,0.69275033,0
3,157,1365000000000,1402496028650,0.9758537,0
3,74,1365000000000,1402496028686,0.69275033,0
3,157,1365250000000,1402496028900,0.9758537,0
3,74,1365250000000,1402496028957,0.69275033,0
3,157,1366000000000,1402496029160,0.9758537,0
3,74,1366000000000,1402496029197,0.69275033,0
3,157,1366250000000,1402496029398,0.9758537,0
3,74,1366250000000,1402496029452,0.69275033,0
3,157,1366500000000,1402496029648,1.2534193,0
3,74,1366500000000,1402496029698,0.69275033,0
3,157,1366750000000,1402496029908,1.5155014,0
3,74,1366750000000,1402496029947,0.69275033,0
3,157,1367000000000,1402496030150,1.5155014,0
3,74,1367000000000,1402496030195,0.69275033,0
3,157,1367250000000,1402496030401,1.5155014,0
3,74,1367250000000,1402496030442,0.69275033,0
3,157,1368000000000,1402496030652,1.2657748,0
3,74,1368000000000,1402496030698,0.69275033,0
3,157,1368250000000,1402496030907,1.1648122,0
3,74,1368250000000,1402496030956,0.69275033,0
3,157,1368500000000,1402496031152,1.1648122,0
3,74,1368500000000,1402496031205,0.71918476,0
3,157,1368750000000,1402496031407,1.1648122,0
3,74,1368750000000,1402496031449,0.71918476,0
3,157,1369000000000,1402496031651,1.1648122,0
3,74,1369000000000,1402496031700,0.7353517,0
3,157,1369250000000,1402496031904,1.1648122,0
3,74,1369250000000,1402496031955,0.7353517,0
3,157,1370000000000,1402496032151,1.1648122,0
3,74,1370000000000,1402496032192,0.7353517,0
3,157,1370250000000,1402496032402,1.1648122,0
3,74,1370250000000,1402496032442,0.7353517,0
3,157,1370500000000,1402496032650,1.161534,0
3,74,1370500000000,1402496032702,0.7758041,0
3,157,1370750000000,1402496032901,1.161534,0
3,74,1370750000000,1402496032960,0.7758041,0
3,157,1371000000000,1402496033150,1.161534,0
3,74,1371000000000,1402496033193,0.8857234,0
3,157,1371250000000,1402496033398,1.390506,0
3,74,1371250000000,1402496033444,1.0004386,0
3,157,1372000000000,1402496033655,1.390506,0
3,74,1372000000000,1402496033698,1.0367392,0
3,157,1372250000000,1402496033898,1.390506,0
3,74,1372250000000,1402496033952,1.0367392,0
3,157,1372500000000,1402496034150,1.390506,0
3,74,1372500000000,1402496034208,1.0367392,0
3,157,1372750000000,1402496034399,1.390506,0
3,74,1372750000000,1402496034447,1.0367392,0
3,157,1373000000000,1402496034655,1.3482822,0
3,74,1373000000000,1402496034695,1.0367392,0
3,157,1373250000000,1402496034901,1.2782655,0
3,74,1373250000000,1402496034946,0.9947978,0
3,157,1374000000000,1402496035150,1.1219033,0
3,74,1374000000000,1402496035200,0.89774185,0
3,157,1374250000000,1402496035402,1.1183382,0
3,74,1374250000000,1402496035444,0.857927,0
3,157,1374500000000,1402496035652,1.1183382,0
3,74,1374500000000,1402496035685,0.8451447,0
3,157,1374750000000,1402496035907,1.1183382,0
3,74,1374750000000,1402496035956,0.8451447,0
3,157,1375000000000,1402496036147,1.1183382,0
3,74,1375000000000,1402496036186,0.8451447,0
3,157,1375250000000,1402496036402,1.1183382,0
3,74,1375250000000,1402496036447,0.8451447,0
3,157,1376000000000,1402496036650,1.1183382,0
3,74,1376000000000,1402496036695,0.8451447,0
3,157,1376250000000,1402496036899,1.1183382,0
3,74,1376250000000,1402496036946,0.8451447,0
3,157,1376500000000,1402496037148,1.1183382,0
3,74,1376500000000,1402496037193,0.8451447,0
3,157,1376750000000,1402496037399,1.1183382,0
3,74,1376750000000,1402496037450,0.8271654,0
3,157,1377000000000,1402496037650,1.1183382,0
3,74,1377000000000,1402496037693,0.81251985,0
3,157,1377250000000,1402496037914,1.1183382,0
3,74,1377250000000,1402496037954,0.8007296,0
3,157,1378000000000,1402496038151,1.1183382,0
3,74,1378000000000,1402496038204,0.8007296,0
3,157,1378250000000,1402496038403,1.0665654,0
3,74,1378250000000,1402496038464,0.8007296,0
3,157,1378500000000,1402496038649,1.0665654,0
3,74,1378500000000,1402496038698,0.8007296,0
3,157,1378750000000,1402496038898,1.0665654,0
3,74,1378750000000,1402496038949,0.8007296,0
3,157,1379000000000,1402496039159,1.0665654,0
3,74,1379000000000,1402496039200,0.8007296,0
3,157,1379250000000,1402496039399,1.0665654,0
3,74,1379250000000,1402496039449,0.76434946,0
3,157,1380000000000,1402496039648,1.0665654,0
3,74,1380000000000,1402496039705,0.7296978,0
3,157,1380250000000,1402496039900,1.0665654,0
3,74,1380250000000,1402496039947,0.7296978,0
3,157,1380500000000,1402496040152,1.0665654,0
3,74,1380500000000,1402496040186,0.7296978,0
3,157,1380750000000,1402496040401,1.0665654,0
3,74,1380750000000,1402496040444,0.7296978,0
3,157,1381000000000,1402496040657,1.0665654,0
3,74,1381000000000,1402496040702,0.7296978,0
3,157,1381250000000,1402496040901,1.0665654,0
3,74,1381250000000,1402496040948,0.7296978,0
3,157,1382000000000,1402496041147,1.0665654,0
3,74,1382000000000,1402496041177,0.7296978,0
3,157,1382250000000,1402496041399,1.0665654,0
3,74,1382250000000,1402496041448,0.7296978,0
3,157,1382500000000,1402496041649,1.0665654,0
3,74,1382500000000,1402496041694,0.7296978,0
3,157,1382750000000,1402496041900,1.0665654,0
3,74,1382750000000,1402496041942,0.7296978,0
3,157,1383000000000,1402496042152,1.0665654,0
3,74,1383000000000,1402496042194,0.7296978,0
3,157,1383250000000,1402496042405,1.0665654,0
3,74,1383250000000,1402496042459,0.7296978,0
3,157,1384000000000,1402496042656,1.0665654,0
3,74,1384000000000,1402496042709,0.7296978,0
3,157,1384250000000,1402496042899,1.0665654,0
3,74,1384250000000,1402496042956,0.7296978,0
3,157,1384500000000,1402496043149,1.0665654,0
3,74,1384500000000,1402496043205,0.7296978,0
3,157,1384750000000,1402496043405,1.0665654,0
3,74,1384750000000,1402496043446,0.7296978,0
3,157,1385000000000,1402496043649,1.0665654,0
3,74,1385000000000,1402496043705,0.7296978,0
3,157,1385250000000,1402496043907,1.0665654,0
3,74,1385250000000,1402496043951,0.7296978,0
3,157,1386000000000,1402496044157,1.0665654,0
3,74,1386000000000,1402496044193,0.7296978,0
3,157,1386250000000,1402496044402,1.0665654,0
3,74,1386250000000,1402496044462,0.7296978,0
3,157,1386500000000,1402496044647,1.0665654,0
3,74,1386500000000,1402496044687,0.7296978,0
3,157,1386750000000,1402496044899,1.0665654,0
3,74,1386750000000,1402496044948,0.7296978,0
3,157,1387000000000,1402496045158,1.0665654,0
3,74,1387000000000,1402496045203,0.7296978,0
3,157,1387250000000,1402496045407,1.0665654,0
3,74,1387250000000,1402496045454,0.7296978,0
3,157,1388000000000,1402496045652,1.0665654,0
3,74,1388000000000,1402496045708,0.7296978,0
3,157,1388250000000,1402496045904,1.0665654,0
3,74,1388250000000,1402496045954,0.7296978,0
3,157,1388500000000,1402496046148,1.0665654,0
3,74,1388500000000,1402496046196,0.7296978,0
3,157,1388750000000,1402496046400,1.0665654,0
3,74,1388750000000,1402496046444,0.7296978,0
3,157,1389000000000,1402496046654,1.0665654,0
3,74,1389000000000,1402496046695,0.7296978,0
3,157,1389250000000,1402496046899,1.0665654,0
3,74,1389250000000,1402496046939,0.7296978,0
3,157,1390000000000,1402496047151,1.0665654,0
3,74,1390000000000,1402496047194,0.7296978,0
3,157,1390250000000,1402496047403,1.0665654,0
3,74,1390250000000,1402496047441,0.7296978,0
3,157,1390500000000,1402496047651,1.0557017,0
3,74,1390500000000,1402496047711,0.7296978,0
3,157,1390750000000,1402496047905,1.0474215,0
3,74,1390750000000,1402496047965,0.7296978,0
3,157,1391000000000,1402496048147,1.0474215,0
3,74,1391000000000,1402496048182,0.7296978,0
3,157,1391250000000,1402496048399,1.0474215,0
3,74,1391250000000,1402496048448,0.6865149,0
3,157,1392000000000,1402496048647,1.0474215,0
3,74,1392000000000,1402496048692,0.6369084,0
3,157,1392250000000,1402496048902,1.0474215,0
3,74,1392250000000,1402496048947,0.6369084,0
3,157,1392500000000,1402496049151,1.0474215,0
3,74,1392500000000,1402496049195,0.6369084,0
3,157,1392750000000,1402496049397,1.0474215,0
3,74,1392750000000,1402496049453,0.6369084,0
3,157,1393000000000,1402496049652,1.0515232,0
3,74,1393000000000,1402496049693,0.6369084,0
3,157,1393250000000,1402496049907,1.0515232,0
3,74,1393250000000,1402496049954,0.6369084,0
3,157,1394000000000,1402496050151,1.0515232,0
3,74,1394000000000,1402496050206,0.6369084,0
3,157,1394250000000,1402496050400,1.0515232,0
3,74,1394250000000,1402496050453,0.6397734,0
3,157,1394500000000,1402496050650,1.0515232,0
3,74,1394500000000,1402496050700,0.6397734,0
3,157,1394750000000,1402496050906,1.0515232,0
3,74,1394750000000,1402496050958,0.6397734,0
3,157,1395000000000,1402496051151,1.0515232,0
3,74,1395000000000,1402496051202,0.6397734,0
3,157,1395250000000,1402496051404,1.0515232,0
3,74,1395250000000,1402496051446,0.6397734,0
3,157,1396000000000,1402496051651,1.319076,0
3,74,1396000000000,1402496051695,0.6397734,0
3,157,1396250000000,1402496051899,1.319076,0
3,74,1396250000000,1402496051948,0.6397734,0
3,157,1396500000000,1402496052163,1.319076,0
3,74,1396500000000,1402496052205,0.6397734,0
3,157,1396750000000,1402496052405,1.319076,0
3,74,1396750000000,1402496052456,0.6397734,0
3,157,1397000000000,1402496052656,1.319076,0
3,74,1397000000000,1402496052704,0.78889215,0
3,157,1397250000000,1402496052901,1.319076,0
3,74,1397250000000,1402496052952,0.78889215,0
3,157,1398000000000,1402496053151,1.319076,0
3,74,1398000000000,1402496053200,0.78889215,0
3,157,1398250000000,1402496053404,1.319076,0
3,74,1398250000000,1402496053448,0.8046183,0
3,157,1398500000000,1402496053647,1.319076,0
3,74,1398500000000,1402496053699,0.8046183,0
3,157,1398750000000,1402496053907,1.319076,0
3,74,1398750000000,1402496053938,0.8046183,0
3,157,1399000000000,1402496054147,1.2659597,0
3,74,1399000000000,1402496054196,1.7639376,0
3,157,1399250000000,1402496054402,1.0991447,0
3,74,1399250000000,1402496054446,1.7639376,0
3,157,1400000000000,1402496054651,1.0824523,0
3,74,1400000000000,1402496054700,2.31239,0
3,157,1400250000000,1402496054899,1.0824523,0
3,74,1400250000000,1402496054938,1.9144399,0
3,157,1400500000000,1402496055155,1.0824523,0
3,74,1400500000000,1402496055204,1.9456406,0
3,157,1400750000000,1402496055412,1.0824523,0
3,74,1400750000000,1402496055448,1.6984961,0
3,157,1401000000000,1402496055652,1.0824523,0
3,74,1401000000000,1402496055696,0.97928196,0
3,157,1401250000000,1402496055901,1.0589609,0
3,74,1401250000000,1402496055948,0.97928196,0
3,157,1402000000000,1402496056155,1.0589609,0
3,74,1402000000000,1402496056189,0.7123298,0
3,157,1402250000000,1402496056399,1.0652632,0
3,74,1402250000000,1402496056447,0.7123298,0
3,157,1402500000000,1402496056654,1.0652632,0
3,74,1402500000000,1402496056697,0.7123298,0
3,157,1402750000000,1402496056899,1.0652632,0
3,74,1402750000000,1402496056948,0.7123298,0
3,157,1403000000000,1402496057151,1.0652632,0
3,74,1403000000000,1402496057188,0.7123298,0
3,157,1403250000000,1402496057398,1.0652632,0
3,74,1403250000000,1402496057431,0.7123298,0
3,157,1404000000000,1402496057651,1.0652632,0
3,74,1404000000000,1402496057702,0.7123298,0
3,157,1404250000000,1402496057898,1.0652632,0
3,74,1404250000000,1402496057951,0.7123298,0
3,157,1404500000000,1402496058152,1.0652632,0
3,74,1404500000000,1402496058198,0.7123298,0
3,157,1404750000000,1402496058401,1.4211471,0
3,74,1404750000000,1402496058449,0.7123298,0
3,157,1405000000000,1402496058650,1.4211471,0
3,74,1405000000000,1402496058697,0.9245309,0
3,157,1405250000000,1402496058902,1.4211471,0
3,74,1405250000000,1402496058938,0.9245309,0
3,157,1406000000000,1402496059159,1.3588449,0
3,74,1406000000000,1402496059209,0.9245309,0
3,157,1406250000000,1402496059400,1.3490344,0
3,74,1406250000000,1402496059440,1.6940155,0
3,157,1406500000000,1402496059658,1.3419383,0
3,74,1406500000000,1402496059707,1.9053903,0
3,157,1406750000000,1402496059906,1.3419383,0
3,74,1406750000000,1402496059953,1.9053903,0
3,157,1407000000000,1402496060151,1.3419383,0
3,74,1407000000000,1402496060209,1.213489,0
3,157,1407250000000,1402496060408,1.3419383,0
3,74,1407250000000,1402496060445,1.213489,0
3,157,1408000000000,1402496060651,1.2746736,0
3,74,1408000000000,1402496060703,1.213489,0
3,157,1408250000000,1402496060906,1.2746736,0
3,74,1408250000000,1402496060946,1.0854057,0
3,157,1408500000000,1402496061148,1.2746736,0
3,74,1408500000000,1402496061193,1.0854057,0
3,157,1408750000000,1402496061406,1.2746736,0
3,74,1408750000000,1402496061437,1.0854057,0
3,157,1409000000000,1402496061655,1.2746736,0
3,74,1409000000000,1402496061707,1.0854057,0
3,157,1409250000000,1402496061906,1.2746736,0
3,74,1409250000000,1402496061962,1.0807287,0
3,157,1410000000000,1402496062149,1.2746736,0
3,74,1410000000000,1402496062182,0.94658124,0
3,157,1410250000000,1402496062411,1.2746736,0
3,74,1410250000000,1402496062458,0.94658124,0
3,157,1410500000000,1402496062650,1.2746736,0
3,74,1410500000000,1402496062700,0.94658124,0
3,157,1410750000000,1402496062898,1.2746736,0
3,74,1410750000000,1402496062947,0.94658124,0
3,157,1411000000000,1402496063150,1.2746736,0
3,74,1411000000000,1402496063194,0.94658124,0
